dataset,split,case_id,frame_id,frame_path,label,store_id,morphology,source_video,frame_index,width,height,variant,synthetic_case_id,source_case_id,chunk_start,chunk_end,split_unit,synthetic_case,orig_frame_id,perturbation_id,rng_seed,render_in_pipeline,blur_sigma,jpeg_q,brightness,contrast,bbox_area_frac
PolypGen,train,C2,POLYPGEN_NOCASE.000376,images/POLYPGEN_NOCASE.000376.jpg,1,polypgen_clean,,,-1,572,455,,,,-1,-1,case,False,,,-1,False,-1.0,-1,-1.0,-1.0,-1.0
PolypGen,train,C3,POLYPGEN_NOCASE.000549,images/POLYPGEN_NOCASE.000549.jpg,1,polypgen_clean,,,-1,572,455,,,,-1,-1,case,False,,,-1,False,-1.0,-1,-1.0,-1.0,-1.0
PolypGen,train,C1,POLYPGEN_NOCASE.000178,images/POLYPGEN_NOCASE.000178.jpg,1,polypgen_clean,,,-1,572,455,,,,-1,-1,case,False,,,-1,False,-1.0,-1,-1.0,-1.0,-1.0
PolypGen,train,C3,POLYPGEN_NOCASE.000895,images/POLYPGEN_NOCASE.000895.jpg,1,polypgen_clean,,,-1,572,455,,,,-1,-1,case,False,,,-1,False,-1.0,-1,-1.0,-1.0,-1.0
PolypGen,train,C3,POLYPGEN_NOCASE.000821,images/POLYPGEN_NOCASE.000821.jpg,1,polypgen_clean,,,-1,572,455,,,,-1,-1,case,False,,,-1,False,-1.0,-1,-1.0,-1.0,-1.0
PolypGen,train,C1,POLYPGEN_NOCASE.000010,images/POLYPGEN_NOCASE.000010.jpg,1,polypgen_clean,,,-1,572,455,,,,-1,-1,case,False,,,-1,False,-1.0,-1,-1.0,-1.0,-1.0
PolypGen,train,C3,POLYPGEN_NOCASE.000633,images/POLYPGEN_NOCASE.000633.jpg,1,polypgen_clean,,,-1,572,455,,,,-1,-1,case,False,,,-1,False,-1.0,-1,-1.0,-1.0,-1.0
PolypGen,train,C1,POLYPGEN_NOCASE.000106,images/POLYPGEN_NOCASE.000106.jpg,1,polypgen_clean,,,-1,572,455,,,,-1,-1,case,False,,,-1,False,-1.0,-1,-1.0,-1.0,-1.0
PolypGen,train,C5,POLYPGEN_NOCASE.001221,images/POLYPGEN_NOCASE.001221.jpg,1,polypgen_clean,,,-1,572,455,,,,-1,-1,case,False,,,-1,False,-1.0,-1,-1.0,-1.0,-1.0
PolypGen,train,C1,POLYPGEN_NOCASE.000152,images/POLYPGEN_NOCASE.000152.jpg,1,polypgen_clean,,,-1,572,455,,,,-1,-1,case,False,,,-1,False,-1.0,-1,-1.0,-1.0,-1.0
PolypGen,train,C5,POLYPGEN_NOCASE.001273,images/POLYPGEN_NOCASE.001273.jpg,1,polypgen_clean,,,-1,572,455,,,,-1,-1,case,False,,,-1,False,-1.0,-1,-1.0,-1.0,-1.0
PolypGen,train,C4,POLYPGEN_NOCASE.001062,images/POLYPGEN_NOCASE.001062.jpg,1,polypgen_clean,,,-1,572,455,,,,-1,-1,case,False,,,-1,False,-1.0,-1,-1.0,-1.0,-1.0
PolypGen,train,C1,POLYPGEN_NOCASE.000037,images/POLYPGEN_NOCASE.000037.jpg,1,polypgen_clean,,,-1,572,455,,,,-1,-1,case,False,,,-1,False,-1.0,-1,-1.0,-1.0,-1.0
PolypGen,train,C5,POLYPGEN_NOCASE.001374,images/POLYPGEN_NOCASE.001374.jpg,1,polypgen_clean,,,-1,572,455,,,,-1,-1,case,False,,,-1,False,-1.0,-1,-1.0,-1.0,-1.0
PolypGen,train,C3,POLYPGEN_NOCASE.000608,images/POLYPGEN_NOCASE.000608.jpg,1,polypgen_clean,,,-1,572,455,,,,-1,-1,case,False,,,-1,False,-1.0,-1,-1.0,-1.0,-1.0
PolypGen,train,C1,POLYPGEN_NOCASE.000233,images/POLYPGEN_NOCASE.000233.jpg,1,polypgen_clean,,,-1,572,455,,,,-1,-1,case,False,,,-1,False,-1.0,-1,-1.0,-1.0,-1.0
PolypGen,train,C2,POLYPGEN_NOCASE.000354,images/POLYPGEN_NOCASE.000354.jpg,1,polypgen_clean,,,-1,572,455,,,,-1,-1,case,False,,,-1,False,-1.0,-1,-1.0,-1.0,-1.0
PolypGen,train,C3,POLYPGEN_NOCASE.000780,images/POLYPGEN_NOCASE.000780.jpg,1,polypgen_clean,,,-1,572,455,,,,-1,-1,case,False,,,-1,False,-1.0,-1,-1.0,-1.0,-1.0
PolypGen,train,C2,POLYPGEN_NOCASE.000379,images/POLYPGEN_NOCASE.000379.jpg,1,polypgen_clean,,,-1,572,455,,,,-1,-1,case,False,,,-1,False,-1.0,-1,-1.0,-1.0,-1.0
PolypGen,train,C5,POLYPGEN_NOCASE.001231,images/POLYPGEN_NOCASE.001231.jpg,1,polypgen_clean,,,-1,572,455,,,,-1,-1,case,False,,,-1,False,-1.0,-1,-1.0,-1.0,-1.0
PolypGen,train,C2,POLYPGEN_NOCASE.000275,images/POLYPGEN_NOCASE.000275.jpg,1,polypgen_clean,,,-1,572,455,,,,-1,-1,case,False,,,-1,False,-1.0,-1,-1.0,-1.0,-1.0
PolypGen,train,C1,POLYPGEN_NOCASE.000001,images/POLYPGEN_NOCASE.000001.jpg,1,polypgen_clean,,,-1,572,455,,,,-1,-1,case,False,,,-1,False,-1.0,-1,-1.0,-1.0,-1.0
PolypGen,train,C4,POLYPGEN_NOCASE.001090,images/POLYPGEN_NOCASE.001090.jpg,1,polypgen_clean,,,-1,572,455,,,,-1,-1,case,False,,,-1,False,-1.0,-1,-1.0,-1.0,-1.0
PolypGen,train,C5,POLYPGEN_NOCASE.001329,images/POLYPGEN_NOCASE.001329.jpg,1,polypgen_clean,,,-1,572,455,,,,-1,-1,case,False,,,-1,False,-1.0,-1,-1.0,-1.0,-1.0
PolypGen,train,C1,POLYPGEN_NOCASE.000135,images/POLYPGEN_NOCASE.000135.jpg,1,polypgen_clean,,,-1,572,455,,,,-1,-1,case,False,,,-1,False,-1.0,-1,-1.0,-1.0,-1.0
PolypGen,train,C3,POLYPGEN_NOCASE.000859,images/POLYPGEN_NOCASE.000859.jpg,1,polypgen_clean,,,-1,572,455,,,,-1,-1,case,False,,,-1,False,-1.0,-1,-1.0,-1.0,-1.0
PolypGen,train,C1,POLYPGEN_NOCASE.000028,images/POLYPGEN_NOCASE.000028.jpg,1,polypgen_clean,,,-1,572,455,,,,-1,-1,case,False,,,-1,False,-1.0,-1,-1.0,-1.0,-1.0
PolypGen,train,C5,POLYPGEN_NOCASE.001349,images/POLYPGEN_NOCASE.001349.jpg,1,polypgen_clean,,,-1,572,455,,,,-1,-1,case,False,,,-1,False,-1.0,-1,-1.0,-1.0,-1.0
PolypGen,train,C5,POLYPGEN_NOCASE.001223,images/POLYPGEN_NOCASE.001223.jpg,1,polypgen_clean,,,-1,572,455,,,,-1,-1,case,False,,,-1,False,-1.0,-1,-1.0,-1.0,-1.0
PolypGen,train,C2,POLYPGEN_NOCASE.000276,images/POLYPGEN_NOCASE.000276.jpg,1,polypgen_clean,,,-1,572,455,,,,-1,-1,case,False,,,-1,False,-1.0,-1,-1.0,-1.0,-1.0
PolypGen,train,C5,POLYPGEN_NOCASE.001325,images/POLYPGEN_NOCASE.001325.jpg,1,polypgen_clean,,,-1,572,455,,,,-1,-1,case,False,,,-1,False,-1.0,-1,-1.0,-1.0,-1.0
PolypGen,train,C1,POLYPGEN_NOCASE.000084,images/POLYPGEN_NOCASE.000084.jpg,1,polypgen_clean,,,-1,572,455,,,,-1,-1,case,False,,,-1,False,-1.0,-1,-1.0,-1.0,-1.0
PolypGen,train,C3,POLYPGEN_NOCASE.000808,images/POLYPGEN_NOCASE.000808.jpg,1,polypgen_clean,,,-1,572,455,,,,-1,-1,case,False,,,-1,False,-1.0,-1,-1.0,-1.0,-1.0
PolypGen,train,C3,POLYPGEN_NOCASE.000716,images/POLYPGEN_NOCASE.000716.jpg,1,polypgen_clean,,,-1,572,455,,,,-1,-1,case,False,,,-1,False,-1.0,-1,-1.0,-1.0,-1.0
PolypGen,train,C2,POLYPGEN_NOCASE.000381,images/POLYPGEN_NOCASE.000381.jpg,1,polypgen_clean,,,-1,572,455,,,,-1,-1,case,False,,,-1,False,-1.0,-1,-1.0,-1.0,-1.0
PolypGen,train,C1,POLYPGEN_NOCASE.000138,images/POLYPGEN_NOCASE.000138.jpg,1,polypgen_clean,,,-1,572,455,,,,-1,-1,case,False,,,-1,False,-1.0,-1,-1.0,-1.0,-1.0
PolypGen,train,C5,POLYPGEN_NOCASE.001359,images/POLYPGEN_NOCASE.001359.jpg,1,polypgen_clean,,,-1,572,455,,,,-1,-1,case,False,,,-1,False,-1.0,-1,-1.0,-1.0,-1.0
PolypGen,train,C3,POLYPGEN_NOCASE.000591,images/POLYPGEN_NOCASE.000591.jpg,1,polypgen_clean,,,-1,572,455,,,,-1,-1,case,False,,,-1,False,-1.0,-1,-1.0,-1.0,-1.0
PolypGen,train,C1,POLYPGEN_NOCASE.000019,images/POLYPGEN_NOCASE.000019.jpg,1,polypgen_clean,,,-1,572,455,,,,-1,-1,case,False,,,-1,False,-1.0,-1,-1.0,-1.0,-1.0
PolypGen,train,C5,POLYPGEN_NOCASE.001306,images/POLYPGEN_NOCASE.001306.jpg,1,polypgen_clean,,,-1,572,455,,,,-1,-1,case,False,,,-1,False,-1.0,-1,-1.0,-1.0,-1.0
PolypGen,train,C2,POLYPGEN_NOCASE.000328,images/POLYPGEN_NOCASE.000328.jpg,1,polypgen_clean,,,-1,572,455,,,,-1,-1,case,False,,,-1,False,-1.0,-1,-1.0,-1.0,-1.0
PolypGen,train,C4,POLYPGEN_NOCASE.001094,images/POLYPGEN_NOCASE.001094.jpg,1,polypgen_clean,,,-1,572,455,,,,-1,-1,case,False,,,-1,False,-1.0,-1,-1.0,-1.0,-1.0
PolypGen,train,C2,POLYPGEN_NOCASE.000306,images/POLYPGEN_NOCASE.000306.jpg,1,polypgen_clean,,,-1,572,455,,,,-1,-1,case,False,,,-1,False,-1.0,-1,-1.0,-1.0,-1.0
PolypGen,train,C2,POLYPGEN_NOCASE.000391,images/POLYPGEN_NOCASE.000391.jpg,1,polypgen_clean,,,-1,572,455,,,,-1,-1,case,False,,,-1,False,-1.0,-1,-1.0,-1.0,-1.0
PolypGen,train,C2,POLYPGEN_NOCASE.000256,images/POLYPGEN_NOCASE.000256.jpg,1,polypgen_clean,,,-1,572,455,,,,-1,-1,case,False,,,-1,False,-1.0,-1,-1.0,-1.0,-1.0
PolypGen,train,C3,POLYPGEN_NOCASE.000832,images/POLYPGEN_NOCASE.000832.jpg,1,polypgen_clean,,,-1,572,455,,,,-1,-1,case,False,,,-1,False,-1.0,-1,-1.0,-1.0,-1.0
PolypGen,train,C3,POLYPGEN_NOCASE.000714,images/POLYPGEN_NOCASE.000714.jpg,1,polypgen_clean,,,-1,572,455,,,,-1,-1,case,False,,,-1,False,-1.0,-1,-1.0,-1.0,-1.0
PolypGen,train,C2,POLYPGEN_NOCASE.000401,images/POLYPGEN_NOCASE.000401.jpg,1,polypgen_clean,,,-1,572,455,,,,-1,-1,case,False,,,-1,False,-1.0,-1,-1.0,-1.0,-1.0
PolypGen,train,C5,POLYPGEN_NOCASE.001219,images/POLYPGEN_NOCASE.001219.jpg,1,polypgen_clean,,,-1,572,455,,,,-1,-1,case,False,,,-1,False,-1.0,-1,-1.0,-1.0,-1.0
PolypGen,train,C3,POLYPGEN_NOCASE.000685,images/POLYPGEN_NOCASE.000685.jpg,1,polypgen_clean,,,-1,572,455,,,,-1,-1,case,False,,,-1,False,-1.0,-1,-1.0,-1.0,-1.0
PolypGen,train,C2,POLYPGEN_NOCASE.000448,images/POLYPGEN_NOCASE.000448.jpg,1,polypgen_clean,,,-1,572,455,,,,-1,-1,case,False,,,-1,False,-1.0,-1,-1.0,-1.0,-1.0
PolypGen,train,C3,POLYPGEN_NOCASE.000638,images/POLYPGEN_NOCASE.000638.jpg,1,polypgen_clean,,,-1,572,455,,,,-1,-1,case,False,,,-1,False,-1.0,-1,-1.0,-1.0,-1.0
PolypGen,train,C1,POLYPGEN_NOCASE.000183,images/POLYPGEN_NOCASE.000183.jpg,1,polypgen_clean,,,-1,572,455,,,,-1,-1,case,False,,,-1,False,-1.0,-1,-1.0,-1.0,-1.0
PolypGen,train,C6,POLYPGEN_NOCASE.001431,images/POLYPGEN_NOCASE.001431.jpg,1,polypgen_clean,,,-1,572,455,,,,-1,-1,case,False,,,-1,False,-1.0,-1,-1.0,-1.0,-1.0
PolypGen,train,C2,POLYPGEN_NOCASE.000418,images/POLYPGEN_NOCASE.000418.jpg,1,polypgen_clean,,,-1,572,455,,,,-1,-1,case,False,,,-1,False,-1.0,-1,-1.0,-1.0,-1.0
PolypGen,train,C1,POLYPGEN_NOCASE.000012,images/POLYPGEN_NOCASE.000012.jpg,1,polypgen_clean,,,-1,572,455,,,,-1,-1,case,False,,,-1,False,-1.0,-1,-1.0,-1.0,-1.0
PolypGen,train,C5,POLYPGEN_NOCASE.001353,images/POLYPGEN_NOCASE.001353.jpg,1,polypgen_clean,,,-1,572,455,,,,-1,-1,case,False,,,-1,False,-1.0,-1,-1.0,-1.0,-1.0
PolypGen,train,C2,POLYPGEN_NOCASE.000491,images/POLYPGEN_NOCASE.000491.jpg,1,polypgen_clean,,,-1,572,455,,,,-1,-1,case,False,,,-1,False,-1.0,-1,-1.0,-1.0,-1.0
PolypGen,train,C4,POLYPGEN_NOCASE.001156,images/POLYPGEN_NOCASE.001156.jpg,1,polypgen_clean,,,-1,572,455,,,,-1,-1,case,False,,,-1,False,-1.0,-1,-1.0,-1.0,-1.0
PolypGen,train,C3,POLYPGEN_NOCASE.000555,images/POLYPGEN_NOCASE.000555.jpg,1,polypgen_clean,,,-1,572,455,,,,-1,-1,case,False,,,-1,False,-1.0,-1,-1.0,-1.0,-1.0
PolypGen,train,C2,POLYPGEN_NOCASE.000510,images/POLYPGEN_NOCASE.000510.jpg,1,polypgen_clean,,,-1,572,455,,,,-1,-1,case,False,,,-1,False,-1.0,-1,-1.0,-1.0,-1.0
PolypGen,train,C5,POLYPGEN_NOCASE.001348,images/POLYPGEN_NOCASE.001348.jpg,1,polypgen_clean,,,-1,572,455,,,,-1,-1,case,False,,,-1,False,-1.0,-1,-1.0,-1.0,-1.0
PolypGen,train,C2,POLYPGEN_NOCASE.000413,images/POLYPGEN_NOCASE.000413.jpg,1,polypgen_clean,,,-1,572,455,,,,-1,-1,case,False,,,-1,False,-1.0,-1,-1.0,-1.0,-1.0
PolypGen,train,C4,POLYPGEN_NOCASE.001075,images/POLYPGEN_NOCASE.001075.jpg,1,polypgen_clean,,,-1,572,455,,,,-1,-1,case,False,,,-1,False,-1.0,-1,-1.0,-1.0,-1.0
PolypGen,train,C6,POLYPGEN_NOCASE.001413,images/POLYPGEN_NOCASE.001413.jpg,1,polypgen_clean,,,-1,572,455,,,,-1,-1,case,False,,,-1,False,-1.0,-1,-1.0,-1.0,-1.0
PolypGen,train,C1,POLYPGEN_NOCASE.000063,images/POLYPGEN_NOCASE.000063.jpg,1,polypgen_clean,,,-1,572,455,,,,-1,-1,case,False,,,-1,False,-1.0,-1,-1.0,-1.0,-1.0
PolypGen,train,C2,POLYPGEN_NOCASE.000331,images/POLYPGEN_NOCASE.000331.jpg,1,polypgen_clean,,,-1,572,455,,,,-1,-1,case,False,,,-1,False,-1.0,-1,-1.0,-1.0,-1.0
PolypGen,train,C3,POLYPGEN_NOCASE.000690,images/POLYPGEN_NOCASE.000690.jpg,1,polypgen_clean,,,-1,572,455,,,,-1,-1,case,False,,,-1,False,-1.0,-1,-1.0,-1.0,-1.0
PolypGen,train,C3,POLYPGEN_NOCASE.000803,images/POLYPGEN_NOCASE.000803.jpg,1,polypgen_clean,,,-1,572,455,,,,-1,-1,case,False,,,-1,False,-1.0,-1,-1.0,-1.0,-1.0
PolypGen,train,C3,POLYPGEN_NOCASE.000735,images/POLYPGEN_NOCASE.000735.jpg,1,polypgen_clean,,,-1,572,455,,,,-1,-1,case,False,,,-1,False,-1.0,-1,-1.0,-1.0,-1.0
PolypGen,train,C1,POLYPGEN_NOCASE.000225,images/POLYPGEN_NOCASE.000225.jpg,1,polypgen_clean,,,-1,572,455,,,,-1,-1,case,False,,,-1,False,-1.0,-1,-1.0,-1.0,-1.0
PolypGen,train,C2,POLYPGEN_NOCASE.000333,images/POLYPGEN_NOCASE.000333.jpg,1,polypgen_clean,,,-1,572,455,,,,-1,-1,case,False,,,-1,False,-1.0,-1,-1.0,-1.0,-1.0
PolypGen,train,C2,POLYPGEN_NOCASE.000312,images/POLYPGEN_NOCASE.000312.jpg,1,polypgen_clean,,,-1,572,455,,,,-1,-1,case,False,,,-1,False,-1.0,-1,-1.0,-1.0,-1.0
PolypGen,train,C3,POLYPGEN_NOCASE.000820,images/POLYPGEN_NOCASE.000820.jpg,1,polypgen_clean,,,-1,572,455,,,,-1,-1,case,False,,,-1,False,-1.0,-1,-1.0,-1.0,-1.0
PolypGen,train,C1,POLYPGEN_NOCASE.000253,images/POLYPGEN_NOCASE.000253.jpg,1,polypgen_clean,,,-1,572,455,,,,-1,-1,case,False,,,-1,False,-1.0,-1,-1.0,-1.0,-1.0
PolypGen,train,C5,POLYPGEN_NOCASE.001335,images/POLYPGEN_NOCASE.001335.jpg,1,polypgen_clean,,,-1,572,455,,,,-1,-1,case,False,,,-1,False,-1.0,-1,-1.0,-1.0,-1.0
PolypGen,train,C3,POLYPGEN_NOCASE.000730,images/POLYPGEN_NOCASE.000730.jpg,1,polypgen_clean,,,-1,572,455,,,,-1,-1,case,False,,,-1,False,-1.0,-1,-1.0,-1.0,-1.0
PolypGen,train,C1,POLYPGEN_NOCASE.000121,images/POLYPGEN_NOCASE.000121.jpg,1,polypgen_clean,,,-1,572,455,,,,-1,-1,case,False,,,-1,False,-1.0,-1,-1.0,-1.0,-1.0
PolypGen,train,C3,POLYPGEN_NOCASE.000680,images/POLYPGEN_NOCASE.000680.jpg,1,polypgen_clean,,,-1,572,455,,,,-1,-1,case,False,,,-1,False,-1.0,-1,-1.0,-1.0,-1.0
PolypGen,train,C2,POLYPGEN_NOCASE.000266,images/POLYPGEN_NOCASE.000266.jpg,1,polypgen_clean,,,-1,572,455,,,,-1,-1,case,False,,,-1,False,-1.0,-1,-1.0,-1.0,-1.0
PolypGen,train,C3,POLYPGEN_NOCASE.000869,images/POLYPGEN_NOCASE.000869.jpg,1,polypgen_clean,,,-1,572,455,,,,-1,-1,case,False,,,-1,False,-1.0,-1,-1.0,-1.0,-1.0
PolypGen,train,C1,POLYPGEN_NOCASE.000169,images/POLYPGEN_NOCASE.000169.jpg,1,polypgen_clean,,,-1,572,455,,,,-1,-1,case,False,,,-1,False,-1.0,-1,-1.0,-1.0,-1.0
PolypGen,train,C3,POLYPGEN_NOCASE.000719,images/POLYPGEN_NOCASE.000719.jpg,1,polypgen_clean,,,-1,572,455,,,,-1,-1,case,False,,,-1,False,-1.0,-1,-1.0,-1.0,-1.0
PolypGen,train,C2,POLYPGEN_NOCASE.000289,images/POLYPGEN_NOCASE.000289.jpg,1,polypgen_clean,,,-1,572,455,,,,-1,-1,case,False,,,-1,False,-1.0,-1,-1.0,-1.0,-1.0
PolypGen,train,C1,POLYPGEN_NOCASE.000036,images/POLYPGEN_NOCASE.000036.jpg,1,polypgen_clean,,,-1,572,455,,,,-1,-1,case,False,,,-1,False,-1.0,-1,-1.0,-1.0,-1.0
PolypGen,train,C2,POLYPGEN_NOCASE.000327,images/POLYPGEN_NOCASE.000327.jpg,1,polypgen_clean,,,-1,572,455,,,,-1,-1,case,False,,,-1,False,-1.0,-1,-1.0,-1.0,-1.0
PolypGen,train,C1,POLYPGEN_NOCASE.000074,images/POLYPGEN_NOCASE.000074.jpg,1,polypgen_clean,,,-1,572,455,,,,-1,-1,case,False,,,-1,False,-1.0,-1,-1.0,-1.0,-1.0
PolypGen,train,C3,POLYPGEN_NOCASE.000603,images/POLYPGEN_NOCASE.000603.jpg,1,polypgen_clean,,,-1,572,455,,,,-1,-1,case,False,,,-1,False,-1.0,-1,-1.0,-1.0,-1.0
PolypGen,train,C5,POLYPGEN_NOCASE.001296,images/POLYPGEN_NOCASE.001296.jpg,1,polypgen_clean,,,-1,572,455,,,,-1,-1,case,False,,,-1,False,-1.0,-1,-1.0,-1.0,-1.0
PolypGen,train,C3,POLYPGEN_NOCASE.000833,images/POLYPGEN_NOCASE.000833.jpg,1,polypgen_clean,,,-1,572,455,,,,-1,-1,case,False,,,-1,False,-1.0,-1,-1.0,-1.0,-1.0
PolypGen,train,C3,POLYPGEN_NOCASE.000628,images/POLYPGEN_NOCASE.000628.jpg,1,polypgen_clean,,,-1,572,455,,,,-1,-1,case,False,,,-1,False,-1.0,-1,-1.0,-1.0,-1.0
PolypGen,train,C3,POLYPGEN_NOCASE.000531,images/POLYPGEN_NOCASE.000531.jpg,1,polypgen_clean,,,-1,572,455,,,,-1,-1,case,False,,,-1,False,-1.0,-1,-1.0,-1.0,-1.0
PolypGen,train,C4,POLYPGEN_NOCASE.001140,images/POLYPGEN_NOCASE.001140.jpg,1,polypgen_clean,,,-1,572,455,,,,-1,-1,case,False,,,-1,False,-1.0,-1,-1.0,-1.0,-1.0
PolypGen,train,C2,POLYPGEN_NOCASE.000345,images/POLYPGEN_NOCASE.000345.jpg,1,polypgen_clean,,,-1,572,455,,,,-1,-1,case,False,,,-1,False,-1.0,-1,-1.0,-1.0,-1.0
PolypGen,train,C3,POLYPGEN_NOCASE.000838,images/POLYPGEN_NOCASE.000838.jpg,1,polypgen_clean,,,-1,572,455,,,,-1,-1,case,False,,,-1,False,-1.0,-1,-1.0,-1.0,-1.0
PolypGen,train,C2,POLYPGEN_NOCASE.000384,images/POLYPGEN_NOCASE.000384.jpg,1,polypgen_clean,,,-1,572,455,,,,-1,-1,case,False,,,-1,False,-1.0,-1,-1.0,-1.0,-1.0
PolypGen,train,C3,POLYPGEN_NOCASE.000799,images/POLYPGEN_NOCASE.000799.jpg,1,polypgen_clean,,,-1,572,455,,,,-1,-1,case,False,,,-1,False,-1.0,-1,-1.0,-1.0,-1.0
PolypGen,train,C1,POLYPGEN_NOCASE.000124,images/POLYPGEN_NOCASE.000124.jpg,1,polypgen_clean,,,-1,572,455,,,,-1,-1,case,False,,,-1,False,-1.0,-1,-1.0,-1.0,-1.0
PolypGen,train,C3,POLYPGEN_NOCASE.000858,images/POLYPGEN_NOCASE.000858.jpg,1,polypgen_clean,,,-1,572,455,,,,-1,-1,case,False,,,-1,False,-1.0,-1,-1.0,-1.0,-1.0
PolypGen,train,C3,POLYPGEN_NOCASE.000578,images/POLYPGEN_NOCASE.000578.jpg,1,polypgen_clean,,,-1,572,455,,,,-1,-1,case,False,,,-1,False,-1.0,-1,-1.0,-1.0,-1.0
PolypGen,train,C3,POLYPGEN_NOCASE.000912,images/POLYPGEN_NOCASE.000912.jpg,0,polypgen_clean,,,-1,572,455,,,,-1,-1,case,False,,,-1,False,-1.0,-1,-1.0,-1.0,-1.0
PolypGen,train,C3,POLYPGEN_NOCASE.000964,images/POLYPGEN_NOCASE.000964.jpg,0,polypgen_clean,,,-1,572,455,,,,-1,-1,case,False,,,-1,False,-1.0,-1,-1.0,-1.0,-1.0
PolypGen,train,C2,POLYPGEN_NOCASE.000355,images/POLYPGEN_NOCASE.000355.jpg,0,polypgen_clean,,,-1,572,455,,,,-1,-1,case,False,,,-1,False,-1.0,-1,-1.0,-1.0,-1.0
PolypGen,train,C3,POLYPGEN_NOCASE.000928,images/POLYPGEN_NOCASE.000928.jpg,0,polypgen_clean,,,-1,572,455,,,,-1,-1,case,False,,,-1,False,-1.0,-1,-1.0,-1.0,-1.0
PolypGen,train,C3,POLYPGEN_NOCASE.000948,images/POLYPGEN_NOCASE.000948.jpg,0,polypgen_clean,,,-1,572,455,,,,-1,-1,case,False,,,-1,False,-1.0,-1,-1.0,-1.0,-1.0
PolypGen,train,C3,POLYPGEN_NOCASE.000957,images/POLYPGEN_NOCASE.000957.jpg,0,polypgen_clean,,,-1,572,455,,,,-1,-1,case,False,,,-1,False,-1.0,-1,-1.0,-1.0,-1.0
PolypGen,train,C6,POLYPGEN_NOCASE.001400,images/POLYPGEN_NOCASE.001400.jpg,0,polypgen_clean,,,-1,572,455,,,,-1,-1,case,False,,,-1,False,-1.0,-1,-1.0,-1.0,-1.0
PolypGen,train,C2,POLYPGEN_NOCASE.000267,images/POLYPGEN_NOCASE.000267.jpg,0,polypgen_clean,,,-1,572,455,,,,-1,-1,case,False,,,-1,False,-1.0,-1,-1.0,-1.0,-1.0
PolypGen,train,C3,POLYPGEN_NOCASE.000949,images/POLYPGEN_NOCASE.000949.jpg,0,polypgen_clean,,,-1,572,455,,,,-1,-1,case,False,,,-1,False,-1.0,-1,-1.0,-1.0,-1.0
PolypGen,train,C3,POLYPGEN_NOCASE.000918,images/POLYPGEN_NOCASE.000918.jpg,0,polypgen_clean,,,-1,572,455,,,,-1,-1,case,False,,,-1,False,-1.0,-1,-1.0,-1.0,-1.0
PolypGen,train,C4,POLYPGEN_NOCASE.001057,images/POLYPGEN_NOCASE.001057.jpg,0,polypgen_clean,,,-1,572,455,,,,-1,-1,case,False,,,-1,False,-1.0,-1,-1.0,-1.0,-1.0
PolypGen,train,C4,POLYPGEN_NOCASE.001121,images/POLYPGEN_NOCASE.001121.jpg,0,polypgen_clean,,,-1,572,455,,,,-1,-1,case,False,,,-1,False,-1.0,-1,-1.0,-1.0,-1.0
PolypGen,train,C3,POLYPGEN_NOCASE.000944,images/POLYPGEN_NOCASE.000944.jpg,0,polypgen_clean,,,-1,572,455,,,,-1,-1,case,False,,,-1,False,-1.0,-1,-1.0,-1.0,-1.0
PolypGen,train,C3,POLYPGEN_NOCASE.000959,images/POLYPGEN_NOCASE.000959.jpg,0,polypgen_clean,,,-1,572,455,,,,-1,-1,case,False,,,-1,False,-1.0,-1,-1.0,-1.0,-1.0
PolypGen,train,C6,POLYPGEN_NOCASE.001409,images/POLYPGEN_NOCASE.001409.jpg,0,polypgen_clean,,,-1,572,455,,,,-1,-1,case,False,,,-1,False,-1.0,-1,-1.0,-1.0,-1.0
PolypGen,train,C4,POLYPGEN_NOCASE.001135,images/POLYPGEN_NOCASE.001135.jpg,0,polypgen_clean,,,-1,572,455,,,,-1,-1,case,False,,,-1,False,-1.0,-1,-1.0,-1.0,-1.0
PolypGen,train,C4,POLYPGEN_NOCASE.001115,images/POLYPGEN_NOCASE.001115.jpg,0,polypgen_clean,,,-1,572,455,,,,-1,-1,case,False,,,-1,False,-1.0,-1,-1.0,-1.0,-1.0
PolypGen,train,C4,POLYPGEN_NOCASE.001120,images/POLYPGEN_NOCASE.001120.jpg,0,polypgen_clean,,,-1,572,455,,,,-1,-1,case,False,,,-1,False,-1.0,-1,-1.0,-1.0,-1.0
PolypGen,train,C4,POLYPGEN_NOCASE.001036,images/POLYPGEN_NOCASE.001036.jpg,0,polypgen_clean,,,-1,572,455,,,,-1,-1,case,False,,,-1,False,-1.0,-1,-1.0,-1.0,-1.0
PolypGen,train,C4,POLYPGEN_NOCASE.001150,images/POLYPGEN_NOCASE.001150.jpg,0,polypgen_clean,,,-1,572,455,,,,-1,-1,case,False,,,-1,False,-1.0,-1,-1.0,-1.0,-1.0
PolypGen,train,C4,POLYPGEN_NOCASE.000982,images/POLYPGEN_NOCASE.000982.jpg,0,polypgen_clean,,,-1,572,455,,,,-1,-1,case,False,,,-1,False,-1.0,-1,-1.0,-1.0,-1.0
PolypGen,train,C4,POLYPGEN_NOCASE.001136,images/POLYPGEN_NOCASE.001136.jpg,0,polypgen_clean,,,-1,572,455,,,,-1,-1,case,False,,,-1,False,-1.0,-1,-1.0,-1.0,-1.0
PolypGen,train,C3,POLYPGEN_NOCASE.000939,images/POLYPGEN_NOCASE.000939.jpg,0,polypgen_clean,,,-1,572,455,,,,-1,-1,case,False,,,-1,False,-1.0,-1,-1.0,-1.0,-1.0
PolypGen,train,C2,POLYPGEN_NOCASE.000302,images/POLYPGEN_NOCASE.000302.jpg,0,polypgen_clean,,,-1,572,455,,,,-1,-1,case,False,,,-1,False,-1.0,-1,-1.0,-1.0,-1.0
PolypGen,train,C4,POLYPGEN_NOCASE.001114,images/POLYPGEN_NOCASE.001114.jpg,0,polypgen_clean,,,-1,572,455,,,,-1,-1,case,False,,,-1,False,-1.0,-1,-1.0,-1.0,-1.0
PolypGen,train,C3,POLYPGEN_NOCASE.000936,images/POLYPGEN_NOCASE.000936.jpg,0,polypgen_clean,,,-1,572,455,,,,-1,-1,case,False,,,-1,False,-1.0,-1,-1.0,-1.0,-1.0
PolypGen,train,C2,POLYPGEN_NOCASE.000468,images/POLYPGEN_NOCASE.000468.jpg,0,polypgen_clean,,,-1,572,455,,,,-1,-1,case,False,,,-1,False,-1.0,-1,-1.0,-1.0,-1.0
PolypGen,train,C4,POLYPGEN_NOCASE.001056,images/POLYPGEN_NOCASE.001056.jpg,0,polypgen_clean,,,-1,572,455,,,,-1,-1,case,False,,,-1,False,-1.0,-1,-1.0,-1.0,-1.0
PolypGen,train,C3,POLYPGEN_NOCASE.000931,images/POLYPGEN_NOCASE.000931.jpg,0,polypgen_clean,,,-1,572,455,,,,-1,-1,case,False,,,-1,False,-1.0,-1,-1.0,-1.0,-1.0
PolypGen,train,C4,POLYPGEN_NOCASE.000981,images/POLYPGEN_NOCASE.000981.jpg,0,polypgen_clean,,,-1,572,455,,,,-1,-1,case,False,,,-1,False,-1.0,-1,-1.0,-1.0,-1.0
PolypGen,train,C4,POLYPGEN_NOCASE.001001,images/POLYPGEN_NOCASE.001001.jpg,0,polypgen_clean,,,-1,572,455,,,,-1,-1,case,False,,,-1,False,-1.0,-1,-1.0,-1.0,-1.0
PolypGen,train,C4,POLYPGEN_NOCASE.001012,images/POLYPGEN_NOCASE.001012.jpg,0,polypgen_clean,,,-1,572,455,,,,-1,-1,case,False,,,-1,False,-1.0,-1,-1.0,-1.0,-1.0
PolypGen,train,C4,POLYPGEN_NOCASE.001081,images/POLYPGEN_NOCASE.001081.jpg,0,polypgen_clean,,,-1,572,455,,,,-1,-1,case,False,,,-1,False,-1.0,-1,-1.0,-1.0,-1.0
PolypGen,train,C4,POLYPGEN_NOCASE.001125,images/POLYPGEN_NOCASE.001125.jpg,0,polypgen_clean,,,-1,572,455,,,,-1,-1,case,False,,,-1,False,-1.0,-1,-1.0,-1.0,-1.0
PolypGen,train,C1,POLYPGEN_NOCASE.000161,images/POLYPGEN_NOCASE.000161.jpg,0,polypgen_clean,,,-1,572,455,,,,-1,-1,case,False,,,-1,False,-1.0,-1,-1.0,-1.0,-1.0
PolypGen,train,C4,POLYPGEN_NOCASE.001042,images/POLYPGEN_NOCASE.001042.jpg,0,polypgen_clean,,,-1,572,455,,,,-1,-1,case,False,,,-1,False,-1.0,-1,-1.0,-1.0,-1.0
PolypGen,train,C4,POLYPGEN_NOCASE.001123,images/POLYPGEN_NOCASE.001123.jpg,0,polypgen_clean,,,-1,572,455,,,,-1,-1,case,False,,,-1,False,-1.0,-1,-1.0,-1.0,-1.0
PolypGen,train,C4,POLYPGEN_NOCASE.001011,images/POLYPGEN_NOCASE.001011.jpg,0,polypgen_clean,,,-1,572,455,,,,-1,-1,case,False,,,-1,False,-1.0,-1,-1.0,-1.0,-1.0
PolypGen,train,C4,POLYPGEN_NOCASE.001010,images/POLYPGEN_NOCASE.001010.jpg,0,polypgen_clean,,,-1,572,455,,,,-1,-1,case,False,,,-1,False,-1.0,-1,-1.0,-1.0,-1.0
PolypGen,train,C4,POLYPGEN_NOCASE.001016,images/POLYPGEN_NOCASE.001016.jpg,0,polypgen_clean,,,-1,572,455,,,,-1,-1,case,False,,,-1,False,-1.0,-1,-1.0,-1.0,-1.0
PolypGen,train,C3,POLYPGEN_NOCASE.000919,images/POLYPGEN_NOCASE.000919.jpg,0,polypgen_clean,,,-1,572,455,,,,-1,-1,case,False,,,-1,False,-1.0,-1,-1.0,-1.0,-1.0
PolypGen,train,C4,POLYPGEN_NOCASE.001041,images/POLYPGEN_NOCASE.001041.jpg,0,polypgen_clean,,,-1,572,455,,,,-1,-1,case,False,,,-1,False,-1.0,-1,-1.0,-1.0,-1.0
PolypGen,train,C3,POLYPGEN_NOCASE.000961,images/POLYPGEN_NOCASE.000961.jpg,0,polypgen_clean,,,-1,572,455,,,,-1,-1,case,False,,,-1,False,-1.0,-1,-1.0,-1.0,-1.0
PolypGen,train,C3,POLYPGEN_NOCASE.000921,images/POLYPGEN_NOCASE.000921.jpg,0,polypgen_clean,,,-1,572,455,,,,-1,-1,case,False,,,-1,False,-1.0,-1,-1.0,-1.0,-1.0
PolypGen,train,C4,POLYPGEN_NOCASE.001149,images/POLYPGEN_NOCASE.001149.jpg,0,polypgen_clean,,,-1,572,455,,,,-1,-1,case,False,,,-1,False,-1.0,-1,-1.0,-1.0,-1.0
PolypGen,train,C4,POLYPGEN_NOCASE.001038,images/POLYPGEN_NOCASE.001038.jpg,0,polypgen_clean,,,-1,572,455,,,,-1,-1,case,False,,,-1,False,-1.0,-1,-1.0,-1.0,-1.0
PolypGen,train,C3,POLYPGEN_NOCASE.000910,images/POLYPGEN_NOCASE.000910.jpg,0,polypgen_clean,,,-1,572,455,,,,-1,-1,case,False,,,-1,False,-1.0,-1,-1.0,-1.0,-1.0
PolypGen,train,C3,POLYPGEN_NOCASE.000920,images/POLYPGEN_NOCASE.000920.jpg,0,polypgen_clean,,,-1,572,455,,,,-1,-1,case,False,,,-1,False,-1.0,-1,-1.0,-1.0,-1.0
PolypGen,train,C4,POLYPGEN_NOCASE.001013,images/POLYPGEN_NOCASE.001013.jpg,0,polypgen_clean,,,-1,572,455,,,,-1,-1,case,False,,,-1,False,-1.0,-1,-1.0,-1.0,-1.0
PolypGen,train,C4,POLYPGEN_NOCASE.001124,images/POLYPGEN_NOCASE.001124.jpg,0,polypgen_clean,,,-1,572,455,,,,-1,-1,case,False,,,-1,False,-1.0,-1,-1.0,-1.0,-1.0
PolypGen,train,C3,POLYPGEN_NOCASE.000913,images/POLYPGEN_NOCASE.000913.jpg,0,polypgen_clean,,,-1,572,455,,,,-1,-1,case,False,,,-1,False,-1.0,-1,-1.0,-1.0,-1.0
PolypGen,train,C4,POLYPGEN_NOCASE.001096,images/POLYPGEN_NOCASE.001096.jpg,0,polypgen_clean,,,-1,572,455,,,,-1,-1,case,False,,,-1,False,-1.0,-1,-1.0,-1.0,-1.0
PolypGen,train,C4,POLYPGEN_NOCASE.000991,images/POLYPGEN_NOCASE.000991.jpg,0,polypgen_clean,,,-1,572,455,,,,-1,-1,case,False,,,-1,False,-1.0,-1,-1.0,-1.0,-1.0
PolypGen,train,C4,POLYPGEN_NOCASE.001102,images/POLYPGEN_NOCASE.001102.jpg,0,polypgen_clean,,,-1,572,455,,,,-1,-1,case,False,,,-1,False,-1.0,-1,-1.0,-1.0,-1.0
PolypGen,train,C3,POLYPGEN_NOCASE.000929,images/POLYPGEN_NOCASE.000929.jpg,0,polypgen_clean,,,-1,572,455,,,,-1,-1,case,False,,,-1,False,-1.0,-1,-1.0,-1.0,-1.0
PolypGen,train,C4,POLYPGEN_NOCASE.001053,images/POLYPGEN_NOCASE.001053.jpg,0,polypgen_clean,,,-1,572,455,,,,-1,-1,case,False,,,-1,False,-1.0,-1,-1.0,-1.0,-1.0
PolypGen,train,C2,POLYPGEN_NOCASE.000326,images/POLYPGEN_NOCASE.000326.jpg,0,polypgen_clean,,,-1,572,455,,,,-1,-1,case,False,,,-1,False,-1.0,-1,-1.0,-1.0,-1.0
PolypGen,train,C4,POLYPGEN_NOCASE.000974,images/POLYPGEN_NOCASE.000974.jpg,0,polypgen_clean,,,-1,572,455,,,,-1,-1,case,False,,,-1,False,-1.0,-1,-1.0,-1.0,-1.0
PolypGen,train,C2,POLYPGEN_NOCASE.000342,images/POLYPGEN_NOCASE.000342.jpg,0,polypgen_clean,,,-1,572,455,,,,-1,-1,case,False,,,-1,False,-1.0,-1,-1.0,-1.0,-1.0
PolypGen,train,C4,POLYPGEN_NOCASE.001147,images/POLYPGEN_NOCASE.001147.jpg,0,polypgen_clean,,,-1,572,455,,,,-1,-1,case,False,,,-1,False,-1.0,-1,-1.0,-1.0,-1.0
PolypGen,train,C2,POLYPGEN_NOCASE.000323,images/POLYPGEN_NOCASE.000323.jpg,0,polypgen_clean,,,-1,572,455,,,,-1,-1,case,False,,,-1,False,-1.0,-1,-1.0,-1.0,-1.0
PolypGen,train,C3,POLYPGEN_NOCASE.000971,images/POLYPGEN_NOCASE.000971.jpg,0,polypgen_clean,,,-1,572,455,,,,-1,-1,case,False,,,-1,False,-1.0,-1,-1.0,-1.0,-1.0
PolypGen,train,C3,POLYPGEN_NOCASE.000946,images/POLYPGEN_NOCASE.000946.jpg,0,polypgen_clean,,,-1,572,455,,,,-1,-1,case,False,,,-1,False,-1.0,-1,-1.0,-1.0,-1.0
PolypGen,train,C3,POLYPGEN_NOCASE.000922,images/POLYPGEN_NOCASE.000922.jpg,0,polypgen_clean,,,-1,572,455,,,,-1,-1,case,False,,,-1,False,-1.0,-1,-1.0,-1.0,-1.0
PolypGen,train,C4,POLYPGEN_NOCASE.000992,images/POLYPGEN_NOCASE.000992.jpg,0,polypgen_clean,,,-1,572,455,,,,-1,-1,case,False,,,-1,False,-1.0,-1,-1.0,-1.0,-1.0
PolypGen,train,C3,POLYPGEN_NOCASE.000909,images/POLYPGEN_NOCASE.000909.jpg,0,polypgen_clean,,,-1,572,455,,,,-1,-1,case,False,,,-1,False,-1.0,-1,-1.0,-1.0,-1.0
PolypGen,train,C2,POLYPGEN_NOCASE.000305,images/POLYPGEN_NOCASE.000305.jpg,0,polypgen_clean,,,-1,572,455,,,,-1,-1,case,False,,,-1,False,-1.0,-1,-1.0,-1.0,-1.0
PolypGen,train,C1,POLYPGEN_NOCASE.000227,images/POLYPGEN_NOCASE.000227.jpg,0,polypgen_clean,,,-1,572,455,,,,-1,-1,case,False,,,-1,False,-1.0,-1,-1.0,-1.0,-1.0
PolypGen,train,C4,POLYPGEN_NOCASE.001072,images/POLYPGEN_NOCASE.001072.jpg,0,polypgen_clean,,,-1,572,455,,,,-1,-1,case,False,,,-1,False,-1.0,-1,-1.0,-1.0,-1.0
PolypGen,train,C4,POLYPGEN_NOCASE.000990,images/POLYPGEN_NOCASE.000990.jpg,0,polypgen_clean,,,-1,572,455,,,,-1,-1,case,False,,,-1,False,-1.0,-1,-1.0,-1.0,-1.0
PolypGen,train,C4,POLYPGEN_NOCASE.001144,images/POLYPGEN_NOCASE.001144.jpg,0,polypgen_clean,,,-1,572,455,,,,-1,-1,case,False,,,-1,False,-1.0,-1,-1.0,-1.0,-1.0
PolypGen,train,C2,POLYPGEN_NOCASE.000336,images/POLYPGEN_NOCASE.000336.jpg,0,polypgen_clean,,,-1,572,455,,,,-1,-1,case,False,,,-1,False,-1.0,-1,-1.0,-1.0,-1.0
PolypGen,train,C4,POLYPGEN_NOCASE.000975,images/POLYPGEN_NOCASE.000975.jpg,0,polypgen_clean,,,-1,572,455,,,,-1,-1,case,False,,,-1,False,-1.0,-1,-1.0,-1.0,-1.0
PolypGen,train,C4,POLYPGEN_NOCASE.001060,images/POLYPGEN_NOCASE.001060.jpg,0,polypgen_clean,,,-1,572,455,,,,-1,-1,case,False,,,-1,False,-1.0,-1,-1.0,-1.0,-1.0
PolypGen,train,C3,POLYPGEN_NOCASE.000915,images/POLYPGEN_NOCASE.000915.jpg,0,polypgen_clean,,,-1,572,455,,,,-1,-1,case,False,,,-1,False,-1.0,-1,-1.0,-1.0,-1.0
PolypGen,train,C4,POLYPGEN_NOCASE.001040,images/POLYPGEN_NOCASE.001040.jpg,0,polypgen_clean,,,-1,572,455,,,,-1,-1,case,False,,,-1,False,-1.0,-1,-1.0,-1.0,-1.0
PolypGen,train,C4,POLYPGEN_NOCASE.001148,images/POLYPGEN_NOCASE.001148.jpg,0,polypgen_clean,,,-1,572,455,,,,-1,-1,case,False,,,-1,False,-1.0,-1,-1.0,-1.0,-1.0
PolypGen,train,C2,POLYPGEN_NOCASE.000318,images/POLYPGEN_NOCASE.000318.jpg,0,polypgen_clean,,,-1,572,455,,,,-1,-1,case,False,,,-1,False,-1.0,-1,-1.0,-1.0,-1.0
PolypGen,train,C1,POLYPGEN_NOCASE.000002,images/POLYPGEN_NOCASE.000002.jpg,0,polypgen_clean,,,-1,572,455,,,,-1,-1,case,False,,,-1,False,-1.0,-1,-1.0,-1.0,-1.0
PolypGen,train,C2,POLYPGEN_NOCASE.000392,images/POLYPGEN_NOCASE.000392.jpg,0,polypgen_clean,,,-1,572,455,,,,-1,-1,case,False,,,-1,False,-1.0,-1,-1.0,-1.0,-1.0
PolypGen,train,C3,POLYPGEN_NOCASE.000960,images/POLYPGEN_NOCASE.000960.jpg,0,polypgen_clean,,,-1,572,455,,,,-1,-1,case,False,,,-1,False,-1.0,-1,-1.0,-1.0,-1.0
PolypGen,train,C2,POLYPGEN_NOCASE.000386,images/POLYPGEN_NOCASE.000386.jpg,0,polypgen_clean,,,-1,572,455,,,,-1,-1,case,False,,,-1,False,-1.0,-1,-1.0,-1.0,-1.0
PolypGen,train,C4,POLYPGEN_NOCASE.001067,images/POLYPGEN_NOCASE.001067.jpg,0,polypgen_clean,,,-1,572,455,,,,-1,-1,case,False,,,-1,False,-1.0,-1,-1.0,-1.0,-1.0
PolypGen,train,C4,POLYPGEN_NOCASE.001168,images/POLYPGEN_NOCASE.001168.jpg,0,polypgen_clean,,,-1,572,455,,,,-1,-1,case,False,,,-1,False,-1.0,-1,-1.0,-1.0,-1.0
PolypGen,train,C5,POLYPGEN_NOCASE.001200,images/POLYPGEN_NOCASE.001200.jpg,0,polypgen_clean,,,-1,572,455,,,,-1,-1,case,False,,,-1,False,-1.0,-1,-1.0,-1.0,-1.0
PolypGen,train,C4,POLYPGEN_NOCASE.001173,images/POLYPGEN_NOCASE.001173.jpg,0,polypgen_clean,,,-1,572,455,,,,-1,-1,case,False,,,-1,False,-1.0,-1,-1.0,-1.0,-1.0
PolypGen,train,C4,POLYPGEN_NOCASE.001054,images/POLYPGEN_NOCASE.001054.jpg,0,polypgen_clean,,,-1,572,455,,,,-1,-1,case,False,,,-1,False,-1.0,-1,-1.0,-1.0,-1.0
PolypGen,train,C4,POLYPGEN_NOCASE.001178,images/POLYPGEN_NOCASE.001178.jpg,0,polypgen_clean,,,-1,572,455,,,,-1,-1,case,False,,,-1,False,-1.0,-1,-1.0,-1.0,-1.0
PolypGen,train,C3,POLYPGEN_NOCASE.000952,images/POLYPGEN_NOCASE.000952.jpg,0,polypgen_clean,,,-1,572,455,,,,-1,-1,case,False,,,-1,False,-1.0,-1,-1.0,-1.0,-1.0
PolypGen,train,C2,POLYPGEN_NOCASE.000274,images/POLYPGEN_NOCASE.000274.jpg,0,polypgen_clean,,,-1,572,455,,,,-1,-1,case,False,,,-1,False,-1.0,-1,-1.0,-1.0,-1.0
PolypGen,train,C3,POLYPGEN_NOCASE.000940,images/POLYPGEN_NOCASE.000940.jpg,0,polypgen_clean,,,-1,572,455,,,,-1,-1,case,False,,,-1,False,-1.0,-1,-1.0,-1.0,-1.0
PolypGen,train,C3,POLYPGEN_NOCASE.000934,images/POLYPGEN_NOCASE.000934.jpg,0,polypgen_clean,,,-1,572,455,,,,-1,-1,case,False,,,-1,False,-1.0,-1,-1.0,-1.0,-1.0
PolypGen,train,C4,POLYPGEN_NOCASE.001052,images/POLYPGEN_NOCASE.001052.jpg,0,polypgen_clean,,,-1,572,455,,,,-1,-1,case,False,,,-1,False,-1.0,-1,-1.0,-1.0,-1.0
PolypGen,train,C1,POLYPGEN_NOCASE.000156,images/POLYPGEN_NOCASE.000156.jpg,0,polypgen_clean,,,-1,572,455,,,,-1,-1,case,False,,,-1,False,-1.0,-1,-1.0,-1.0,-1.0
PolypGen,train,C3,POLYPGEN_NOCASE.000925,images/POLYPGEN_NOCASE.000925.jpg,0,polypgen_clean,,,-1,572,455,,,,-1,-1,case,False,,,-1,False,-1.0,-1,-1.0,-1.0,-1.0
PolypGen,train,C2,POLYPGEN_NOCASE.000393,images/POLYPGEN_NOCASE.000393.jpg,0,polypgen_clean,,,-1,572,455,,,,-1,-1,case,False,,,-1,False,-1.0,-1,-1.0,-1.0,-1.0
PolypGen,train,C3,POLYPGEN_NOCASE.000968,images/POLYPGEN_NOCASE.000968.jpg,0,polypgen_clean,,,-1,572,455,,,,-1,-1,case,False,,,-1,False,-1.0,-1,-1.0,-1.0,-1.0
PolypGen,train,C3,POLYPGEN_NOCASE.000935,images/POLYPGEN_NOCASE.000935.jpg,0,polypgen_clean,,,-1,572,455,,,,-1,-1,case,False,,,-1,False,-1.0,-1,-1.0,-1.0,-1.0
PolypGen,train,C4,POLYPGEN_NOCASE.000980,images/POLYPGEN_NOCASE.000980.jpg,0,polypgen_clean,,,-1,572,455,,,,-1,-1,case,False,,,-1,False,-1.0,-1,-1.0,-1.0,-1.0
PolypGen,train,C3,POLYPGEN_NOCASE.000966,images/POLYPGEN_NOCASE.000966.jpg,0,polypgen_clean,,,-1,572,455,,,,-1,-1,case,False,,,-1,False,-1.0,-1,-1.0,-1.0,-1.0
